copado__User_Story__r.Name,copado__User_Story__r.copado__User_Story_Title__c,copado__Metadata_API_Name__c,copado__Type__c,copado__Category__c,copado__Action__c,copado__Status__c,copado__ModuleDirectory__c,copado__Last_Commit_Date__c,copado__JsonInformation__c,copado__Unique_ID__c,CreatedDate,CreatedBy.Name,LastModifiedDate,LastModifiedBy.Name,developer,jira_key
US-0033343,CLONE - Development / SIT Deployment / QA Deployment - SAL-83585,DataRaptor.PRDRFetchAssets,DataRaptor,,,Potential Conflict,,2025-09-19T01:08:19.000+0000,,aC2Pl000000ERALKA4_DataRaptor.PRDRFetchAssets,2025-09-19T01:08:19.000+0000,Prabhat Gupta,2025-10-17T18:47:48.000+0000,felipe santos,Prabhat Gupta,SAL-83585
US-0033343,CLONE - Development / SIT Deployment / QA Deployment - SAL-83585,CustomMetadata.PR_Generic.ValidateNonPayAsset,CustomMetadata,,,,,2025-09-19T01:08:19.000+0000,,aC2Pl000000ERALKA4_CustomMetadata.PR_Generic.ValidateNonPayAsset,2025-09-19T01:08:19.000+0000,Prabhat Gupta,2025-09-19T01:08:19.000+0000,Prabhat Gupta,Prabhat Gupta,SAL-83585
US-0033343,CLONE - Development / SIT Deployment / QA Deployment - SAL-83585,CustomField.PR_Generic__mdt.Type__c,CustomField,,,Potential Conflict,,2025-09-19T01:08:19.000+0000,,aC2Pl000000ERALKA4_CustomField.PR_Generic__mdt.Type__c,2025-09-19T01:08:19.000+0000,Prabhat Gupta,2025-09-21T21:16:46.000+0000,felipe santos,Prabhat Gupta,SAL-83585
US-0033343,CLONE - Development / SIT Deployment / QA Deployment - SAL-83585,ApexClass.PR_AccessoriesHelper_Test,ApexClass,,,,,2025-09-19T01:08:19.000+0000,,aC2Pl000000ERALKA4_ApexClass.PR_AccessoriesHelper_Test,2025-09-19T01:08:19.000+0000,Prabhat Gupta,2025-09-19T01:08:19.000+0000,Prabhat Gupta,Prabhat Gupta,SAL-83585
US-0033343,CLONE - Development / SIT Deployment / QA Deployment - SAL-83585,ApexClass.PR_AccessoriesHelper,ApexClass,,,,,2025-09-19T01:08:19.000+0000,,aC2Pl000000ERALKA4_ApexClass.PR_AccessoriesHelper,2025-09-19T01:08:19.000+0000,Prabhat Gupta,2025-09-19T01:08:19.000+0000,Prabhat Gupta,Prabhat Gupta,SAL-83585
US-0033343,CLONE - Development / SIT Deployment / QA Deployment - SAL-83585,IntegrationProcedure.PR_ValidateNonPayAssetsIP,IntegrationProcedure,,,,,2025-09-19T01:08:19.000+0000,,aC2Pl000000ERALKA4_IntegrationProcedure.PR_ValidateNonPayAssetsIP,2025-09-19T01:08:19.000+0000,Prabhat Gupta,2025-09-19T01:08:19.000+0000,Prabhat Gupta,Prabhat Gupta,SAL-83585
US-0033343,CLONE - Development / SIT Deployment / QA Deployment - SAL-83585,DataRaptor.PR_GetCompanionWearableDR,DataRaptor,,,Potential Conflict,,2025-09-19T01:08:19.000+0000,,aC2Pl000000ERALKA4_DataRaptor.PR_GetCompanionWearableDR,2025-09-19T01:08:19.000+0000,Prabhat Gupta,2025-09-19T01:08:22.000+0000,Prabhat Gupta,Prabhat Gupta,SAL-83585
US-0033343,CLONE - Development / SIT Deployment / QA Deployment - SAL-83585,DataRaptor.PR_GetAccessoriesFromPlanDR,DataRaptor,,,Potential Conflict,,2025-09-19T01:08:19.000+0000,,aC2Pl000000ERALKA4_DataRaptor.PR_GetAccessoriesFromPlanDR,2025-09-19T01:08:19.000+0000,Prabhat Gupta,2025-09-29T23:20:47.000+0000,Prabhat Gupta,Prabhat Gupta,SAL-83585
US-0033343,CLONE - Development / SIT Deployment / QA Deployment - SAL-83585,IntegrationProcedure.PR_DisconnectPostpaidLinesIP,IntegrationProcedure,,,Auto-resolved,,2025-09-19T01:08:19.000+0000,,aC2Pl000000ERALKA4_IntegrationProcedure.PR_DisconnectPostpaidLinesIP,2025-09-19T01:08:19.000+0000,Prabhat Gupta,2025-10-14T15:26:03.000+0000,eviliardo espinosa,Prabhat Gupta,SAL-83585
US-0033343,CLONE - Development / SIT Deployment / QA Deployment - SAL-83585,IntegrationProcedure.PR_CancelAccessoryPlanIP,IntegrationProcedure,,,,,2025-09-19T01:08:19.000+0000,,aC2Pl000000ERALKA4_IntegrationProcedure.PR_CancelAccessoryPlanIP,2025-09-19T01:08:19.000+0000,Prabhat Gupta,2025-09-19T01:08:19.000+0000,Prabhat Gupta,Prabhat Gupta,SAL-83585
US-0033385,Deployment - QA-207038-1 - QA-207214,ApexClass.PR_622GetPOSRefactorTest,ApexClass,,,,,2025-09-22T10:05:00.000+0000,,aC2Pl000000EVDdKAO_ApexClass.PR_622GetPOSRefactorTest,2025-09-22T10:05:00.000+0000,Murugeshan Balaji,2025-10-15T06:14:15.000+0000,Murugeshan Balaji,Murugeshan Balaji,QA-207214
US-0033385,Deployment - QA-207038-1 - QA-207214,ApexClass.PR_622GetPOSRefactor,ApexClass,,,Auto-resolved,,2025-09-22T10:05:00.000+0000,,aC2Pl000000EVDdKAO_ApexClass.PR_622GetPOSRefactor,2025-09-22T10:05:00.000+0000,Murugeshan Balaji,2025-10-08T12:33:54.000+0000,Juan Pablo Hernández,Murugeshan Balaji,QA-207214
US-0033327,Development / SIT Deployment / QA Deployment - SAL-83613,CustomMetadata.PR_Generic.OLSPForUSMainlandNumber,CustomMetadata,,,,,2025-09-22T13:50:06.000+0000,,aC2Pl000000ERA5KAO_CustomMetadata.PR_Generic.OLSPForUSMainlandNumber,2025-09-22T13:50:06.000+0000,Prabhat Gupta,2025-09-22T13:50:06.000+0000,Prabhat Gupta,Haripriya S,SAL-83613
US-0033397,Development / SIT Deployment / QA Deployment : SObject row was retrieved via SOQL without querying the requested field: Account.BillingPostalCode - SAL-83717,ApexClass.AriaOrderProductTmfJsonHelperTest,ApexClass,,,Back Promoted,,2025-09-22T16:11:01.000+0000,,aC2Pl000000EVaDKAW_ApexClass.AriaOrderProductTmfJsonHelperTest,2025-09-22T16:11:01.000+0000,Shubham Mehta,2025-10-03T20:13:02.000+0000,eviliardo espinosa,Shubham Mehta,SAL-83717
US-0033397,Development / SIT Deployment / QA Deployment : SObject row was retrieved via SOQL without querying the requested field: Account.BillingPostalCode - SAL-83717,ApexClass.Tmf622JsonAbstractTest,ApexClass,,,Back Promoted,,2025-09-22T16:11:01.000+0000,,aC2Pl000000EVaDKAW_ApexClass.Tmf622JsonAbstractTest,2025-09-22T16:11:01.000+0000,Shubham Mehta,2025-10-03T20:13:02.000+0000,eviliardo espinosa,Shubham Mehta,SAL-83717
US-0033397,Development / SIT Deployment / QA Deployment : SObject row was retrieved via SOQL without querying the requested field: Account.BillingPostalCode - SAL-83717,ApexClass.Tmf622JsonAbstract,ApexClass,,,Back Promoted,,2025-09-22T16:11:01.000+0000,,aC2Pl000000EVaDKAW_ApexClass.Tmf622JsonAbstract,2025-09-22T16:11:01.000+0000,Shubham Mehta,2025-10-03T20:13:02.000+0000,eviliardo espinosa,Shubham Mehta,SAL-83717
US-0033397,Development / SIT Deployment / QA Deployment : SObject row was retrieved via SOQL without querying the requested field: Account.BillingPostalCode - SAL-83717,ApexClass.AriaOrderProductTmfJsonHelper,ApexClass,,,Back Promoted,,2025-09-22T16:11:01.000+0000,,aC2Pl000000EVaDKAW_ApexClass.AriaOrderProductTmfJsonHelper,2025-09-22T16:11:01.000+0000,Shubham Mehta,2025-10-03T20:13:02.000+0000,eviliardo espinosa,Shubham Mehta,SAL-83717
US-0033407,Development / SIT Deployment / QA Deployment : order submit helper Fix - SAL-83749,ApexClass.OrderSubmitHelperTest,ApexClass,,,Back Promoted,,2025-09-23T09:32:46.000+0000,,aC2Pl000000EXqXKAW_ApexClass.OrderSubmitHelperTest,2025-09-23T09:32:46.000+0000,Shubham Mehta,2025-10-03T20:18:46.000+0000,eviliardo espinosa,Shubham Mehta,SAL-83749
US-0033407,Development / SIT Deployment / QA Deployment : order submit helper Fix - SAL-83749,ApexClass.OrderSubmitHelper,ApexClass,,,Back Promoted,,2025-09-23T09:32:46.000+0000,,aC2Pl000000EXqXKAW_ApexClass.OrderSubmitHelper,2025-09-23T09:32:46.000+0000,Shubham Mehta,2025-10-03T20:18:46.000+0000,eviliardo espinosa,Shubham Mehta,SAL-83749
US-0033466,Development / SIT Deployment / QA Deployment - SAL-83930,PermissionSet.PR_Sales_B2C_LimitedAccess,PermissionSet,,,Auto-resolved,,2025-09-26T10:30:10.000+0000,,aC2Pl000000EjIDKA0_PermissionSet.PR_Sales_B2C_LimitedAccess,2025-09-26T10:30:10.000+0000,Shivani Soni,2025-10-16T00:19:50.000+0000,Nagaswarup Thumu,Shivani Soni,SAL-83930
US-0033466,Development / SIT Deployment / QA Deployment - SAL-83930,CustomLabel.Asset_Line_Number_Validation,CustomLabel,,,,,2025-09-26T10:30:10.000+0000,,aC2Pl000000EjIDKA0_CustomLabel.Asset_Line_Number_Validation,2025-09-26T10:30:10.000+0000,Shivani Soni,2025-09-26T10:30:10.000+0000,Shivani Soni,Shivani Soni,SAL-83930
US-0033466,Development / SIT Deployment / QA Deployment - SAL-83930,CustomLabel.Asset_Disconnect_Reason_Validation,CustomLabel,,,,,2025-09-26T10:30:10.000+0000,,aC2Pl000000EjIDKA0_CustomLabel.Asset_Disconnect_Reason_Validation,2025-09-26T10:30:10.000+0000,Shivani Soni,2025-09-26T10:30:10.000+0000,Shivani Soni,Shivani Soni,SAL-83930
US-0033466,Development / SIT Deployment / QA Deployment - SAL-83930,CustomLabel.Asset_Disconnect_Datetime_Validation,CustomLabel,,,,,2025-09-26T10:30:10.000+0000,,aC2Pl000000EjIDKA0_CustomLabel.Asset_Disconnect_Datetime_Validation,2025-09-26T10:30:10.000+0000,Shivani Soni,2025-09-26T10:30:10.000+0000,Shivani Soni,Shivani Soni,SAL-83930
US-0033466,Development / SIT Deployment / QA Deployment - SAL-83930,CustomLabel.Asset_Billing_Account_Id_Validation,CustomLabel,,,,,2025-09-26T10:30:10.000+0000,,aC2Pl000000EjIDKA0_CustomLabel.Asset_Billing_Account_Id_Validation,2025-09-26T10:30:10.000+0000,Shivani Soni,2025-09-26T10:30:10.000+0000,Shivani Soni,Shivani Soni,SAL-83930
US-0033466,Development / SIT Deployment / QA Deployment - SAL-83930,ApexClass.PR_AssetPreValidation_tst,ApexClass,,,Potential Conflict,,2025-09-26T10:30:10.000+0000,,aC2Pl000000EjIDKA0_ApexClass.PR_AssetPreValidation_tst,2025-09-26T10:30:10.000+0000,Shivani Soni,2025-10-01T08:09:16.000+0000,Shivani Soni,Shivani Soni,SAL-83930
US-0033466,Development / SIT Deployment / QA Deployment - SAL-83930,ApexClass.PR_AssetPreValidation,ApexClass,,,Potential Conflict,,2025-09-26T10:30:10.000+0000,,aC2Pl000000EjIDKA0_ApexClass.PR_AssetPreValidation,2025-09-26T10:30:10.000+0000,Shivani Soni,2025-10-01T08:09:16.000+0000,Shivani Soni,Shivani Soni,SAL-83930
US-0033466,Development / SIT Deployment / QA Deployment - SAL-83930,IntegrationProcedure.PR_addToCartWithDevicesIP,IntegrationProcedure,,,Auto-resolved,,2025-09-26T10:30:10.000+0000,,aC2Pl000000EjIDKA0_IntegrationProcedure.PR_addToCartWithDevicesIP,2025-09-26T10:30:10.000+0000,Shivani Soni,2025-10-13T15:08:35.000+0000,Juan Pablo Hernández,Shivani Soni,SAL-83930
US-0033466,Development / SIT Deployment / QA Deployment - SAL-83930,OmniScript.PR_MobilePrepaidChangePlan_English,OmniScript,,,Auto-resolved,,2025-09-26T10:30:10.000+0000,,aC2Pl000000EjIDKA0_OmniScript.PR_MobilePrepaidChangePlan_English,2025-09-26T10:30:10.000+0000,Shivani Soni,2025-10-15T10:57:43.000+0000,Nagaswarup Thumu,Shivani Soni,SAL-83930
US-0033466,Development / SIT Deployment / QA Deployment - SAL-83930,IntegrationProcedure.PR_AddProductSelectToPostpaidchangeCartIP,IntegrationProcedure,,,Potential Conflict,,2025-09-26T10:30:10.000+0000,,aC2Pl000000EjIDKA0_IntegrationProcedure.PR_AddProductSelectToPostpaidchangeCartIP,2025-09-26T10:30:10.000+0000,Shivani Soni,2025-10-01T08:09:16.000+0000,Shivani Soni,Shivani Soni,SAL-83930
US-0033472,Development / SIT Deployment / QA Deployment - SAL-83941,DataRaptor.PR_DRTMF622AsurionPayload,DataRaptor,,,Auto-resolved,,2025-09-26T10:40:32.000+0000,,aC2Pl000000EkhJKAS_DataRaptor.PR_DRTMF622AsurionPayload,2025-09-26T10:40:31.000+0000,Haripriya S,2025-10-14T15:26:04.000+0000,eviliardo espinosa,Haripriya S,SAL-83941
US-0033495,Development / Deployment Task - SAL-83973,IntegrationProcedure.PR_InteliquentPortOutIP,IntegrationProcedure,,,Auto-resolved,,2025-09-26T16:33:33.000+0000,,aC2Pl000000ElS5KAK_IntegrationProcedure.PR_InteliquentPortOutIP,2025-09-26T16:33:33.000+0000,felipe santos,2025-10-14T23:40:14.000+0000,eviliardo espinosa,felipe santos,SAL-83973
US-0033495,Development / Deployment Task - SAL-83973,DataRaptor.PR_DRIntelliquentCreateStaggingLogFW,DataRaptor,,,,,2025-09-26T16:33:33.000+0000,,aC2Pl000000ElS5KAK_DataRaptor.PR_DRIntelliquentCreateStaggingLogFW,2025-09-26T16:33:33.000+0000,felipe santos,2025-09-26T16:33:33.000+0000,felipe santos,felipe santos,SAL-83973
US-0033495,Development / Deployment Task - SAL-83973,DataRaptor.PR_DRFetchAssetDetailsFromMSISDN,DataRaptor,,,Auto-resolved,,2025-09-26T16:33:33.000+0000,,aC2Pl000000ElS5KAK_DataRaptor.PR_DRFetchAssetDetailsFromMSISDN,2025-09-26T16:33:33.000+0000,felipe santos,2025-09-30T23:04:34.000+0000,eviliardo espinosa,felipe santos,SAL-83973
US-0033495,Development / Deployment Task - SAL-83973,DataRaptor.PR_CheckDuplicateOrder,DataRaptor,,,,,2025-09-26T16:33:33.000+0000,,aC2Pl000000ElS5KAK_DataRaptor.PR_CheckDuplicateOrder,2025-09-26T16:33:33.000+0000,felipe santos,2025-09-26T16:33:33.000+0000,felipe santos,felipe santos,SAL-83973
US-0033526,PIR-1950 Development and Deployment - SAL-84025,CustomMetadata.PRB2C_Add_On_Matrix.Liberty_Loop_Core_Assis_Bundle_7_99,CustomMetadata,,,,,2025-09-29T09:56:07.000+0000,,aC2Pl000000Eq1xKAC_CustomMetadata.PRB2C_Add_On_Matrix.Liberty_Loop_Core_Assis_Bundle_7_99,2025-09-29T09:56:07.000+0000,Shivani Soni,2025-09-29T09:56:07.000+0000,Shivani Soni,ankush guleria,SAL-84025
US-0033526,PIR-1950 Development and Deployment - SAL-84025,CustomMetadata.PRB2C_Add_On_Matrix.Liberty_Loop_Core_Assis_Roadside_5_99,CustomMetadata,,,,,2025-09-29T09:56:07.000+0000,,aC2Pl000000Eq1xKAC_CustomMetadata.PRB2C_Add_On_Matrix.Liberty_Loop_Core_Assis_Roadside_5_99,2025-09-29T09:56:07.000+0000,Shivani Soni,2025-09-29T09:56:07.000+0000,Shivani Soni,ankush guleria,SAL-84025
US-0033526,PIR-1950 Development and Deployment - SAL-84025,CustomMetadata.PRB2C_Add_On_Matrix.Liberty_Loop_Core_Assis_Home_4_50,CustomMetadata,,,,,2025-09-29T09:56:07.000+0000,,aC2Pl000000Eq1xKAC_CustomMetadata.PRB2C_Add_On_Matrix.Liberty_Loop_Core_Assis_Home_4_50,2025-09-29T09:56:07.000+0000,Shivani Soni,2025-09-29T09:56:07.000+0000,Shivani Soni,ankush guleria,SAL-84025
US-0033526,PIR-1950 Development and Deployment - SAL-84025,CustomMetadata.PRB2C_Add_On_Matrix.Liberty_Loop_Core_Assis_Home_4_5,CustomMetadata,,,,,2025-09-29T09:56:07.000+0000,,aC2Pl000000Eq1xKAC_CustomMetadata.PRB2C_Add_On_Matrix.Liberty_Loop_Core_Assis_Home_4_5,2025-09-29T09:56:07.000+0000,Shivani Soni,2025-09-29T09:56:07.000+0000,Shivani Soni,ankush guleria,SAL-84025
US-0033526,PIR-1950 Development and Deployment - SAL-84025,OmniScript.PR_selectOffer_English,OmniScript,,,Auto-resolved,,2025-09-29T09:56:07.000+0000,,aC2Pl000000Eq1xKAC_OmniScript.PR_selectOffer_English,2025-09-29T09:56:07.000+0000,Shivani Soni,2025-10-16T00:19:51.000+0000,Nagaswarup Thumu,ankush guleria,SAL-84025
US-0033526,PIR-1950 Development and Deployment - SAL-84025,IntegrationProcedure.PR_getOffersIPDigital,IntegrationProcedure,,,,,2025-09-29T09:56:07.000+0000,,aC2Pl000000Eq1xKAC_IntegrationProcedure.PR_getOffersIPDigital,2025-09-29T09:56:07.000+0000,Shivani Soni,2025-09-29T09:56:07.000+0000,Shivani Soni,ankush guleria,SAL-84025
US-0033526,PIR-1950 Development and Deployment - SAL-84025,IntegrationProcedure.PR_getOffersIP,IntegrationProcedure,,,Auto-resolved,,2025-09-29T09:56:07.000+0000,,aC2Pl000000Eq1xKAC_IntegrationProcedure.PR_getOffersIP,2025-09-29T09:56:07.000+0000,Shivani Soni,2025-10-15T03:17:12.000+0000,Nagaswarup Thumu,ankush guleria,SAL-84025
US-0033526,PIR-1950 Development and Deployment - SAL-84025,OmniScript.PR_NoAssetsAddline_English,OmniScript,,,Auto-resolved,,2025-09-29T09:56:07.000+0000,,aC2Pl000000Eq1xKAC_OmniScript.PR_NoAssetsAddline_English,2025-09-29T09:56:07.000+0000,Shivani Soni,2025-10-16T00:19:51.000+0000,Nagaswarup Thumu,ankush guleria,SAL-84025
US-0033526,PIR-1950 Development and Deployment - SAL-84025,OmniScript.PR_MobilePrepaidChangePlan_English,OmniScript,,,Auto-resolved,,2025-09-29T09:56:07.000+0000,,aC2Pl000000Eq1xKAC_OmniScript.PR_MobilePrepaidChangePlan_English,2025-09-29T09:56:07.000+0000,Shivani Soni,2025-10-16T00:19:51.000+0000,Nagaswarup Thumu,ankush guleria,SAL-84025
US-0033526,PIR-1950 Development and Deployment - SAL-84025,OmniScript.PR_MobilePostpaidExistingAdd_English,OmniScript,,,Auto-resolved,,2025-09-29T09:56:07.000+0000,,aC2Pl000000Eq1xKAC_OmniScript.PR_MobilePostpaidExistingAdd_English,2025-09-29T09:56:07.000+0000,Shivani Soni,2025-10-16T00:19:51.000+0000,Nagaswarup Thumu,ankush guleria,SAL-84025
US-0033526,PIR-1950 Development and Deployment - SAL-84025,IntegrationProcedure.PR_MobileGetOffersDetailsExistingCustAddIP,IntegrationProcedure,,,Auto-resolved,,2025-09-29T09:56:07.000+0000,,aC2Pl000000Eq1xKAC_IntegrationProcedure.PR_MobileGetOffersDetailsExistingCustAddIP,2025-09-29T09:56:07.000+0000,Shivani Soni,2025-10-15T03:17:12.000+0000,Nagaswarup Thumu,ankush guleria,SAL-84025
US-0033526,PIR-1950 Development and Deployment - SAL-84025,DataRaptor.PRGetFMCCohortPortIn,DataRaptor,,,,,2025-09-29T09:56:07.000+0000,,aC2Pl000000Eq1xKAC_DataRaptor.PRGetFMCCohortPortIn,2025-09-29T09:56:07.000+0000,Shivani Soni,2025-09-29T09:56:07.000+0000,Shivani Soni,ankush guleria,SAL-84025
US-0033526,PIR-1950 Development and Deployment - SAL-84025,CalculationMatrixVersion.PRB2CAttributePricingMatrix v147,CalculationMatrixVersion,,,,,2025-09-29T09:56:07.000+0000,,aC2Pl000000Eq1xKAC_CalculationMatrixVersion.PRB2CAttributePricingMatrix v147,2025-09-29T09:56:07.000+0000,Shivani Soni,2025-09-29T09:56:07.000+0000,Shivani Soni,ankush guleria,SAL-84025
US-0033526,PIR-1950 Development and Deployment - SAL-84025,CalculationMatrix.PRB2CAttributePricingMatrix,CalculationMatrix,,,,,2025-09-29T09:56:07.000+0000,,aC2Pl000000Eq1xKAC_CalculationMatrix.PRB2CAttributePricingMatrix,2025-09-29T09:56:07.000+0000,Shivani Soni,2025-09-29T09:56:07.000+0000,Shivani Soni,ankush guleria,SAL-84025
US-0033526,PIR-1950 Development and Deployment - SAL-84025,CalculationMatrixVersion.PRB2C Wearable Compatible Matrix v8,CalculationMatrixVersion,,,,,2025-09-29T09:56:07.000+0000,,aC2Pl000000Eq1xKAC_CalculationMatrixVersion.PRB2C Wearable Compatible Matrix v8,2025-09-29T09:56:07.000+0000,Shivani Soni,2025-09-29T09:56:07.000+0000,Shivani Soni,ankush guleria,SAL-84025
US-0033526,PIR-1950 Development and Deployment - SAL-84025,CalculationMatrix.PRB2C Wearable Compatible Matrix,CalculationMatrix,,,,,2025-09-29T09:56:07.000+0000,,aC2Pl000000Eq1xKAC_CalculationMatrix.PRB2C Wearable Compatible Matrix,2025-09-29T09:56:07.000+0000,Shivani Soni,2025-09-29T09:56:07.000+0000,Shivani Soni,ankush guleria,SAL-84025
US-0033526,PIR-1950 Development and Deployment - SAL-84025,PriceList.PRB2C Price List %28PRB2C_PL%29,PriceList,,,,,2025-09-29T09:56:07.000+0000,,aC2Pl000000Eq1xKAC_PriceList.PRB2C Price List %28PRB2C_PL%29,2025-09-29T09:56:07.000+0000,Shivani Soni,2025-09-29T09:56:07.000+0000,Shivani Soni,ankush guleria,SAL-84025
US-0033526,PIR-1950 Development and Deployment - SAL-84025,CalculationMatrixVersion.MobileOfferCFSMatrixLookup v47,CalculationMatrixVersion,,,,,2025-09-29T09:56:07.000+0000,,aC2Pl000000Eq1xKAC_CalculationMatrixVersion.MobileOfferCFSMatrixLookup v47,2025-09-29T09:56:07.000+0000,Shivani Soni,2025-09-29T09:56:07.000+0000,Shivani Soni,ankush guleria,SAL-84025
US-0033526,PIR-1950 Development and Deployment - SAL-84025,CalculationMatrix.MobileOfferCFSMatrixLookup,CalculationMatrix,,,,,2025-09-29T09:56:07.000+0000,,aC2Pl000000Eq1xKAC_CalculationMatrix.MobileOfferCFSMatrixLookup,2025-09-29T09:56:07.000+0000,Shivani Soni,2025-09-29T09:56:07.000+0000,Shivani Soni,ankush guleria,SAL-84025
US-0033526,PIR-1950 Development and Deployment - SAL-84025,Product2.Mobile Line Class %28PR_B2C_Mobile_Line_Class / fc67ef20-7844-ed25-6379-502178a5a9b8%29,Product2,,,Potential Conflict,,2025-09-29T09:56:07.000+0000,,aC2Pl000000Eq1xKAC_Product2.Mobile Line Class %28PR_B2C_Mobile_Line_Class / fc67ef20-7844-ed25-6379-502178a5a9b8%29,2025-09-29T09:56:07.000+0000,Shivani Soni,2025-10-06T06:55:34.000+0000,Shivani Soni,ankush guleria,SAL-84025
US-0033526,PIR-1950 Development and Deployment - SAL-84025,Catalog.Liberty Mobile Mix,Catalog,,,,,2025-09-29T09:56:07.000+0000,,aC2Pl000000Eq1xKAC_Catalog.Liberty Mobile Mix,2025-09-29T09:56:07.000+0000,Shivani Soni,2025-09-29T09:56:07.000+0000,Shivani Soni,ankush guleria,SAL-84025
US-0033526,PIR-1950 Development and Deployment - SAL-84025,Product2.Liberty Loop Mix More %28PR_B2C_Loop_Mix_More_MB_Line / 1f330049-d2db-4f7a-9e40-f19c4f8ee58e%29,Product2,,,Potential Conflict,,2025-09-29T09:56:07.000+0000,,aC2Pl000000Eq1xKAC_Product2.Liberty Loop Mix More %28PR_B2C_Loop_Mix_More_MB_Line / 1f330049-d2db-4f7a-9e40-f19c4f8ee58e%29,2025-09-29T09:56:07.000+0000,Shivani Soni,2025-10-14T11:39:52.000+0000,Shivani Soni,ankush guleria,SAL-84025
US-0033526,PIR-1950 Development and Deployment - SAL-84025,Product2.Liberty Loop Mix Max %28PR_B2C_Loop_Mix_Max_MB_Line / 2580bf8d-2cbb-2e30-18c2-799877183283%29,Product2,,,Potential Conflict,,2025-09-29T09:56:07.000+0000,,aC2Pl000000Eq1xKAC_Product2.Liberty Loop Mix Max %28PR_B2C_Loop_Mix_Max_MB_Line / 2580bf8d-2cbb-2e30-18c2-799877183283%29,2025-09-29T09:56:07.000+0000,Shivani Soni,2025-10-14T11:39:52.000+0000,Shivani Soni,ankush guleria,SAL-84025
US-0033526,PIR-1950 Development and Deployment - SAL-84025,Product2.Liberty Loop Mix Core %28PR_B2C_Loop_Mix_Core_MB_Line / 6d59e1c6-cbf1-1b11-32cd-da21eb4494ab%29,Product2,,,Potential Conflict,,2025-09-29T09:56:07.000+0000,,aC2Pl000000Eq1xKAC_Product2.Liberty Loop Mix Core %28PR_B2C_Loop_Mix_Core_MB_Line / 6d59e1c6-cbf1-1b11-32cd-da21eb4494ab%29,2025-09-29T09:56:07.000+0000,Shivani Soni,2025-10-14T11:39:52.000+0000,Shivani Soni,ankush guleria,SAL-84025
US-0033526,PIR-1950 Development and Deployment - SAL-84025,CustomMetadata.PRB2C_Add_On_Matrix.Liberty_Loop_More_Day_Pass_Rng,CustomMetadata,,,,,2025-09-29T09:56:07.000+0000,,aC2Pl000000Eq1xKAC_CustomMetadata.PRB2C_Add_On_Matrix.Liberty_Loop_More_Day_Pass_Rng,2025-09-29T09:56:07.000+0000,Shivani Soni,2025-09-29T09:56:07.000+0000,Shivani Soni,ankush guleria,SAL-84025
US-0033526,PIR-1950 Development and Deployment - SAL-84025,CustomMetadata.PRB2C_Add_On_Matrix.Liberty_Loop_More_DR_Bolt,CustomMetadata,,,,,2025-09-29T09:56:07.000+0000,,aC2Pl000000Eq1xKAC_CustomMetadata.PRB2C_Add_On_Matrix.Liberty_Loop_More_DR_Bolt,2025-09-29T09:56:07.000+0000,Shivani Soni,2025-09-29T09:56:07.000+0000,Shivani Soni,ankush guleria,SAL-84025
US-0033526,PIR-1950 Development and Deployment - SAL-84025,CustomMetadata.PRB2C_Add_On_Matrix.Liberty_Loop_More_Calling_15,CustomMetadata,,,,,2025-09-29T09:56:07.000+0000,,aC2Pl000000Eq1xKAC_CustomMetadata.PRB2C_Add_On_Matrix.Liberty_Loop_More_Calling_15,2025-09-29T09:56:07.000+0000,Shivani Soni,2025-09-29T09:56:07.000+0000,Shivani Soni,ankush guleria,SAL-84025
US-0033526,PIR-1950 Development and Deployment - SAL-84025,CustomMetadata.PRB2C_Add_On_Matrix.Liberty_Loop_More_Assis_Roadside_5_99,CustomMetadata,,,,,2025-09-29T09:56:07.000+0000,,aC2Pl000000Eq1xKAC_CustomMetadata.PRB2C_Add_On_Matrix.Liberty_Loop_More_Assis_Roadside_5_99,2025-09-29T09:56:07.000+0000,Shivani Soni,2025-09-29T09:56:07.000+0000,Shivani Soni,ankush guleria,SAL-84025
US-0033526,PIR-1950 Development and Deployment - SAL-84025,CustomMetadata.PRB2C_Add_On_Matrix.Liberty_Loop_More_Assis_Home_4_50,CustomMetadata,,,,,2025-09-29T09:56:07.000+0000,,aC2Pl000000Eq1xKAC_CustomMetadata.PRB2C_Add_On_Matrix.Liberty_Loop_More_Assis_Home_4_50,2025-09-29T09:56:07.000+0000,Shivani Soni,2025-09-29T09:56:07.000+0000,Shivani Soni,ankush guleria,SAL-84025
US-0033526,PIR-1950 Development and Deployment - SAL-84025,CustomMetadata.PRB2C_Add_On_Matrix.Liberty_Loop_More_Assis_Home_4_5,CustomMetadata,,,,,2025-09-29T09:56:07.000+0000,,aC2Pl000000Eq1xKAC_CustomMetadata.PRB2C_Add_On_Matrix.Liberty_Loop_More_Assis_Home_4_5,2025-09-29T09:56:07.000+0000,Shivani Soni,2025-09-29T09:56:07.000+0000,Shivani Soni,ankush guleria,SAL-84025
US-0033526,PIR-1950 Development and Deployment - SAL-84025,CustomMetadata.PRB2C_Add_On_Matrix.Liberty_Loop_More_Assis_Bundle_7_99,CustomMetadata,,,,,2025-09-29T09:56:07.000+0000,,aC2Pl000000Eq1xKAC_CustomMetadata.PRB2C_Add_On_Matrix.Liberty_Loop_More_Assis_Bundle_7_99,2025-09-29T09:56:07.000+0000,Shivani Soni,2025-09-29T09:56:07.000+0000,Shivani Soni,ankush guleria,SAL-84025
US-0033526,PIR-1950 Development and Deployment - SAL-84025,CustomMetadata.PRB2C_Add_On_Matrix.Liberty_Loop_Max_Day_Pass_Rng,CustomMetadata,,,,,2025-09-29T09:56:07.000+0000,,aC2Pl000000Eq1xKAC_CustomMetadata.PRB2C_Add_On_Matrix.Liberty_Loop_Max_Day_Pass_Rng,2025-09-29T09:56:07.000+0000,Shivani Soni,2025-09-29T09:56:07.000+0000,Shivani Soni,ankush guleria,SAL-84025
US-0033526,PIR-1950 Development and Deployment - SAL-84025,CustomMetadata.PRB2C_Add_On_Matrix.Liberty_Loop_Max_DR_Bolt,CustomMetadata,,,,,2025-09-29T09:56:07.000+0000,,aC2Pl000000Eq1xKAC_CustomMetadata.PRB2C_Add_On_Matrix.Liberty_Loop_Max_DR_Bolt,2025-09-29T09:56:07.000+0000,Shivani Soni,2025-09-29T09:56:07.000+0000,Shivani Soni,ankush guleria,SAL-84025
US-0033526,PIR-1950 Development and Deployment - SAL-84025,CustomMetadata.PRB2C_Add_On_Matrix.Liberty_Loop_Max_Calling_15,CustomMetadata,,,,,2025-09-29T09:56:07.000+0000,,aC2Pl000000Eq1xKAC_CustomMetadata.PRB2C_Add_On_Matrix.Liberty_Loop_Max_Calling_15,2025-09-29T09:56:07.000+0000,Shivani Soni,2025-09-29T09:56:07.000+0000,Shivani Soni,ankush guleria,SAL-84025
US-0033526,PIR-1950 Development and Deployment - SAL-84025,CustomMetadata.PRB2C_Add_On_Matrix.Liberty_Loop_Max_Assis_Roadside_5_99,CustomMetadata,,,,,2025-09-29T09:56:07.000+0000,,aC2Pl000000Eq1xKAC_CustomMetadata.PRB2C_Add_On_Matrix.Liberty_Loop_Max_Assis_Roadside_5_99,2025-09-29T09:56:07.000+0000,Shivani Soni,2025-09-29T09:56:07.000+0000,Shivani Soni,ankush guleria,SAL-84025
US-0033526,PIR-1950 Development and Deployment - SAL-84025,CustomMetadata.PRB2C_Add_On_Matrix.Liberty_Loop_Max_Assis_Home_4_50,CustomMetadata,,,,,2025-09-29T09:56:07.000+0000,,aC2Pl000000Eq1xKAC_CustomMetadata.PRB2C_Add_On_Matrix.Liberty_Loop_Max_Assis_Home_4_50,2025-09-29T09:56:07.000+0000,Shivani Soni,2025-09-29T09:56:07.000+0000,Shivani Soni,ankush guleria,SAL-84025
US-0033526,PIR-1950 Development and Deployment - SAL-84025,CustomMetadata.PRB2C_Add_On_Matrix.Liberty_Loop_Max_Assis_Home_4_5,CustomMetadata,,,,,2025-09-29T09:56:07.000+0000,,aC2Pl000000Eq1xKAC_CustomMetadata.PRB2C_Add_On_Matrix.Liberty_Loop_Max_Assis_Home_4_5,2025-09-29T09:56:07.000+0000,Shivani Soni,2025-09-29T09:56:07.000+0000,Shivani Soni,ankush guleria,SAL-84025
US-0033526,PIR-1950 Development and Deployment - SAL-84025,CustomMetadata.PRB2C_Add_On_Matrix.Liberty_Loop_Max_Assis_Bundle_7_99,CustomMetadata,,,,,2025-09-29T09:56:07.000+0000,,aC2Pl000000Eq1xKAC_CustomMetadata.PRB2C_Add_On_Matrix.Liberty_Loop_Max_Assis_Bundle_7_99,2025-09-29T09:56:07.000+0000,Shivani Soni,2025-09-29T09:56:07.000+0000,Shivani Soni,ankush guleria,SAL-84025
US-0033526,PIR-1950 Development and Deployment - SAL-84025,CustomMetadata.PRB2C_Add_On_Matrix.Liberty_Loop_Core_Day_Pass_Rng,CustomMetadata,,,,,2025-09-29T09:56:07.000+0000,,aC2Pl000000Eq1xKAC_CustomMetadata.PRB2C_Add_On_Matrix.Liberty_Loop_Core_Day_Pass_Rng,2025-09-29T09:56:07.000+0000,Shivani Soni,2025-09-29T09:56:07.000+0000,Shivani Soni,ankush guleria,SAL-84025
US-0033526,PIR-1950 Development and Deployment - SAL-84025,CustomMetadata.PRB2C_Add_On_Matrix.Liberty_Loop_Core_DR_Bolt,CustomMetadata,,,,,2025-09-29T09:56:07.000+0000,,aC2Pl000000Eq1xKAC_CustomMetadata.PRB2C_Add_On_Matrix.Liberty_Loop_Core_DR_Bolt,2025-09-29T09:56:07.000+0000,Shivani Soni,2025-09-29T09:56:07.000+0000,Shivani Soni,ankush guleria,SAL-84025
US-0033526,PIR-1950 Development and Deployment - SAL-84025,CustomMetadata.PRB2C_Add_On_Matrix.Liberty_Loop_Core_Calling_15,CustomMetadata,,,,,2025-09-29T09:56:07.000+0000,,aC2Pl000000Eq1xKAC_CustomMetadata.PRB2C_Add_On_Matrix.Liberty_Loop_Core_Calling_15,2025-09-29T09:56:07.000+0000,Shivani Soni,2025-09-29T09:56:07.000+0000,Shivani Soni,ankush guleria,SAL-84025
US-0033536,Development - QA-209707,DataRaptor.PR_GetAccessoriesFromPlanDR,DataRaptor,,,Back Promoted,,2025-09-29T23:20:44.000+0000,,aC2Pl000000EsbdKAC_DataRaptor.PR_GetAccessoriesFromPlanDR,2025-09-29T23:20:44.000+0000,Prabhat Gupta,2025-10-03T20:26:38.000+0000,eviliardo espinosa,Prabhat Gupta,QA-209707
US-0033539,Development / SIT Deployment / QA Deployment : Parallel Orchestration Step Causing Row LOCK Issue - SAL-84065,OrchestrationDependencyDefinition.Installment String Validation -- Sync Plan Info From ARIA (69ed2f6c-d7e3-a1f4-2eeb-3057b155676b),OrchestrationDependencyDefinition,,,,,2025-09-30T06:28:50.000+0000,,aC2Pl000000Ev01KAC_OrchestrationDependencyDefinition.Installment String Validation -- Sync Plan Info From ARIA (69ed2f6c-d7e3-a1f4-2eeb-3057b155676b),2025-09-30T06:28:49.000+0000,Shubham Mehta,2025-09-30T06:28:50.000+0000,Shubham Mehta,Shubham Mehta,SAL-84065
US-0033519,Development / SIT Deployment / QA Deployment : OM Refactor for Non-Pay Ready to submit Orders - SAL-84015,IntegrationProcedure.PR_dunningAsset2Order,IntegrationProcedure,,,,,2025-09-30T08:17:02.000+0000,,aC2Pl000000EpvVKAS_IntegrationProcedure.PR_dunningAsset2Order,2025-09-30T08:17:02.000+0000,Sunil Bishnoi,2025-09-30T08:17:02.000+0000,Sunil Bishnoi,Shubham Mehta,SAL-84015
US-0033519,Development / SIT Deployment / QA Deployment : OM Refactor for Non-Pay Ready to submit Orders - SAL-84015,IntegrationProcedure.PR_changeOrderIP,IntegrationProcedure,,,Back Promoted,,2025-09-30T08:17:02.000+0000,,aC2Pl000000EpvVKAS_IntegrationProcedure.PR_changeOrderIP,2025-09-30T08:17:02.000+0000,Sunil Bishnoi,2025-10-03T20:10:20.000+0000,eviliardo espinosa,Shubham Mehta,SAL-84015
US-0033519,Development / SIT Deployment / QA Deployment : OM Refactor for Non-Pay Ready to submit Orders - SAL-84015,DataRaptor.PR_DRUpdateSuspendLostStolenResumeLoad,DataRaptor,,,Back Promoted,,2025-09-30T08:17:02.000+0000,,aC2Pl000000EpvVKAS_DataRaptor.PR_DRUpdateSuspendLostStolenResumeLoad,2025-09-30T08:17:02.000+0000,Sunil Bishnoi,2025-10-03T20:13:02.000+0000,eviliardo espinosa,Shubham Mehta,SAL-84015
US-0033519,Development / SIT Deployment / QA Deployment : OM Refactor for Non-Pay Ready to submit Orders - SAL-84015,ApexClass.PR_OrderTriggerHelper,ApexClass,,,Back Promoted,,2025-09-30T08:17:02.000+0000,,aC2Pl000000EpvVKAS_ApexClass.PR_OrderTriggerHelper,2025-09-30T08:17:02.000+0000,Sunil Bishnoi,2025-10-03T20:10:20.000+0000,eviliardo espinosa,Shubham Mehta,SAL-84015
US-0033519,Development / SIT Deployment / QA Deployment : OM Refactor for Non-Pay Ready to submit Orders - SAL-84015,ApexClass.AriaNonpayInvokeQueueableTest,ApexClass,,,,,2025-09-30T08:17:02.000+0000,,aC2Pl000000EpvVKAS_ApexClass.AriaNonpayInvokeQueueableTest,2025-09-30T08:17:02.000+0000,Sunil Bishnoi,2025-09-30T08:17:02.000+0000,Sunil Bishnoi,Shubham Mehta,SAL-84015
US-0033519,Development / SIT Deployment / QA Deployment : OM Refactor for Non-Pay Ready to submit Orders - SAL-84015,ApexClass.AriaNonpayInvokeQueueable,ApexClass,,,,,2025-09-30T08:17:02.000+0000,,aC2Pl000000EpvVKAS_ApexClass.AriaNonpayInvokeQueueable,2025-09-30T08:17:02.000+0000,Sunil Bishnoi,2025-09-30T08:17:02.000+0000,Sunil Bishnoi,Shubham Mehta,SAL-84015
US-0033519,Development / SIT Deployment / QA Deployment : OM Refactor for Non-Pay Ready to submit Orders - SAL-84015,ApexClass.PR_OrderTriggerHelperTest,ApexClass,,,Back Promoted,,2025-09-30T08:17:02.000+0000,,aC2Pl000000EpvVKAS_ApexClass.PR_OrderTriggerHelperTest,2025-09-30T08:17:02.000+0000,Sunil Bishnoi,2025-10-03T20:10:20.000+0000,eviliardo espinosa,Shubham Mehta,SAL-84015
US-0033550,QA deployment - QA-210013,CustomObject.PR_CloneProductSetting__mdt,CustomObject,,,,,2025-09-30T13:35:37.000+0000,,aC2Pl000000EvT4KAK_CustomObject.PR_CloneProductSetting__mdt,2025-09-30T13:35:37.000+0000,Shivani Soni,2025-09-30T13:35:37.000+0000,Shivani Soni,Shivani Soni,QA-210013
US-0033550,QA deployment - QA-210013,CustomMetadata.PR_CloneProductSetting.OrderItem,CustomMetadata,,,Auto-resolved,,2025-09-30T13:35:37.000+0000,,aC2Pl000000EvT4KAK_CustomMetadata.PR_CloneProductSetting.OrderItem,2025-09-30T13:35:37.000+0000,Shivani Soni,2025-10-14T21:15:07.000+0000,Gustavo Lopez,Shivani Soni,QA-210013
US-0033550,QA deployment - QA-210013,DataRaptor.PRRetriveFullyFinancedFromAssetDR,DataRaptor,,,Back Promoted,,2025-09-30T14:02:38.000+0000,,aC2Pl000000EvT4KAK_DataRaptor.PRRetriveFullyFinancedFromAssetDR,2025-09-30T14:02:38.000+0000,Shivani Soni,2025-10-03T20:26:38.000+0000,eviliardo espinosa,Shivani Soni,QA-210013
US-0033553,CLONE - Development / SIT Deployment / QA Deployment - SAL-83930 - SAL-84094,OmniScript.PR_DeviceChangeForInsuranceOS_English,OmniScript,,,Auto-resolved,,2025-10-01T08:09:11.000+0000,,aC2Pl000000EvZVKA0_OmniScript.PR_DeviceChangeForInsuranceOS_English,2025-10-01T08:09:11.000+0000,Shivani Soni,2025-10-14T17:49:18.000+0000,eviliardo espinosa,Shivani Soni,SAL-84094
US-0033553,CLONE - Development / SIT Deployment / QA Deployment - SAL-83930 - SAL-84094,IntegrationProcedure.PR_AddProductSelectToPostpaidchangeCartIP,IntegrationProcedure,,,Auto-resolved,,2025-10-01T08:09:11.000+0000,,aC2Pl000000EvZVKA0_IntegrationProcedure.PR_AddProductSelectToPostpaidchangeCartIP,2025-10-01T08:09:11.000+0000,Shivani Soni,2025-10-15T10:57:43.000+0000,Nagaswarup Thumu,Shivani Soni,SAL-84094
US-0033553,CLONE - Development / SIT Deployment / QA Deployment - SAL-83930 - SAL-84094,ApexClass.PR_AssetPreValidation_tst,ApexClass,,,Auto-resolved,,2025-10-01T08:09:11.000+0000,,aC2Pl000000EvZVKA0_ApexClass.PR_AssetPreValidation_tst,2025-10-01T08:09:11.000+0000,Shivani Soni,2025-10-08T06:15:27.000+0000,Ajay Venakata,Shivani Soni,SAL-84094
US-0033553,CLONE - Development / SIT Deployment / QA Deployment - SAL-83930 - SAL-84094,ApexClass.PR_AssetPreValidation,ApexClass,,,Auto-resolved,,2025-10-01T08:09:11.000+0000,,aC2Pl000000EvZVKA0_ApexClass.PR_AssetPreValidation,2025-10-01T08:09:11.000+0000,Shivani Soni,2025-10-16T00:19:51.000+0000,Nagaswarup Thumu,Shivani Soni,SAL-84094
US-0033553,CLONE - Development / SIT Deployment / QA Deployment - SAL-83930 - SAL-84094,DataRaptor.PR_TransformAddToCart,DataRaptor,,,,,2025-10-01T08:09:11.000+0000,,aC2Pl000000EvZVKA0_DataRaptor.PR_TransformAddToCart,2025-10-01T08:09:11.000+0000,Shivani Soni,2025-10-01T08:09:11.000+0000,Shivani Soni,Shivani Soni,SAL-84094
US-0033563,Development / SIT Deployment / QA Deployment - SAL-84112,Group.PR_GroupRetention,Group,,,,,2025-10-01T12:36:55.000+0000,,aC2Pl000000EzI9KAK_Group.PR_GroupRetention,2025-10-01T12:36:55.000+0000,Shivani Soni,2025-10-01T12:36:55.000+0000,Shivani Soni,Shivani Soni,SAL-84112
US-0033563,Development / SIT Deployment / QA Deployment - SAL-84112,Group.PR_GroupSAC,Group,,,,,2025-10-01T12:36:55.000+0000,,aC2Pl000000EzI9KAK_Group.PR_GroupSAC,2025-10-01T12:36:55.000+0000,Shivani Soni,2025-10-01T12:36:55.000+0000,Shivani Soni,Shivani Soni,SAL-84112
US-0033563,Development / SIT Deployment / QA Deployment - SAL-84112,LightningComponentBundle.prMobilePostpaidAdjustment_lwc,LightningComponentBundle,,,Potential Conflict,,2025-10-01T12:36:55.000+0000,,aC2Pl000000EzI9KAK_LightningComponentBundle.prMobilePostpaidAdjustment_lwc,2025-10-01T12:36:55.000+0000,Shivani Soni,2025-10-13T22:08:54.000+0000,Juan Pablo Hernández,Shivani Soni,SAL-84112
US-0033563,Development / SIT Deployment / QA Deployment - SAL-84112,ApexClass.PR_UserGroupChecker,ApexClass,,,Potential Conflict,,2025-10-01T12:36:55.000+0000,,aC2Pl000000EzI9KAK_ApexClass.PR_UserGroupChecker,2025-10-01T12:36:55.000+0000,Shivani Soni,2025-10-06T11:01:31.000+0000,Shivani Soni,Shivani Soni,SAL-84112
US-0033563,Development / SIT Deployment / QA Deployment - SAL-84112,ApexClass.PR_UserGroupCheckerTest,ApexClass,,,Potential Conflict,,2025-10-01T12:36:55.000+0000,,aC2Pl000000EzI9KAK_ApexClass.PR_UserGroupCheckerTest,2025-10-01T12:36:55.000+0000,Shivani Soni,2025-10-06T11:01:31.000+0000,Shivani Soni,Shivani Soni,SAL-84112
US-0033563,Development / SIT Deployment / QA Deployment - SAL-84112,Group.PR_GroupBOT,Group,,,,,2025-10-01T12:36:55.000+0000,,aC2Pl000000EzI9KAK_Group.PR_GroupBOT,2025-10-01T12:36:55.000+0000,Shivani Soni,2025-10-01T12:36:55.000+0000,Shivani Soni,Shivani Soni,SAL-84112
